{"stats":{"minecraft:mined":{"minecraft:torch":1,"minecraft:cobblestone":1,"minecraft:stone":3},"minecraft:picked_up":{"minecraft:torch":1,"minecraft:string":1,"minecraft:spider_eye":1,"minecraft:dirt":12,"minecraft:rotten_flesh":7,"ars_nouveau:worn_notebook":1,"minecraft:iron_ingot":2,"minecraft:cobblestone":2},"minecraft:killed":{"minecraft:zombie":9},"minecraft:used":{"epicfight:skillbook":18,"minecraft:apple":10,"simplyswords:iron_rapier":5,"minecraft:bread":2,"minecraft:iron_sword":22,"gobber2:gobber2_hammer":9,"minecraft:torch":1,"minecraft:cobblestone":21,"gobber2:gobber2_sword":1,"alexsmobs:animal_dictionary":1},"minecraft:dropped":{"justhammers:diamond_hammer":1,"minecraft:dirt":12,"ars_nouveau:worn_notebook":1,"minecraft:diamond_axe":1,"gobber2:gobber2_goo_nether":1,"gobber2:gobber2_gooey_beefstew_nether":2,"epicfight:iron_greatsword":1,"minecraft:rotten_flesh":3,"minecraft:spider_eye":1,"minecraft:diamond_shovel":1,"minecraft:string":1},"minecraft:custom":{"minecraft:time_since_rest":9863,"minecraft:damage_taken":1322,"minecraft:sprint_one_cm":71723,"minecraft:walk_one_cm":86726,"minecraft:mob_kills":9,"minecraft:drop":12,"minecraft:damage_dealt":1699,"minecraft:items_extracted":91,"minecraft:fly_one_cm":167895,"minecraft:open_chest":62,"minecraft:crouch_one_cm":508,"minecraft:play_time":30555,"minecraft:deaths":2,"minecraft:sneak_time":114,"minecraft:items_inserted":30,"minecraft:jump":377,"minecraft:leave_game":2,"minecraft:time_since_death":27098,"minecraft:sleep_in_bed":1,"minecraft:total_world_time":30555,"minecraft:fall_one_cm":10220},"minecraft:killed_by":{"minecraft:skeleton":1,"minecraft:creeper":1}},"DataVersion":3465}