{"stats":{"minecraft:mined":{"ars_nouveau:mendosteen_pod":1,"minecraft:fire":4,"minecraft:torch":1,"minecraft:grass":2,"biomesoplenty:high_grass":1,"sophisticatedbackpacks:iron_backpack":1,"minecraft:cobblestone":1,"minecraft:stone":3},"minecraft:picked_up":{"minecraft:torch":1,"sophisticatedbackpacks:iron_backpack":1,"minecraft:string":1,"minecraft:spider_eye":1,"minecraft:dirt":18,"minecraft:bone":1,"minecraft:arrow":3,"ae2:wireless_crafting_terminal":2,"minecraft:rotten_flesh":14,"minecraft:bow":1,"ars_nouveau:worn_notebook":1,"minecraft:iron_ingot":2,"ars_nouveau:mendosteen_pod":2,"minecraft:cobblestone":2},"minecraft:used":{"epicfight:skillbook":18,"minecraft:apple":17,"simplyswords:iron_rapier":5,"minecraft:bread":3,"ars_nouveau:mendosteen_pod":3,"minecraft:iron_sword":22,"gobber2:gobber2_hammer":9,"minecraft:torch":1,"minecraft:dirt":3,"minecraft:cobblestone":21,"gobber2:gobber2_sword":22,"alexsmobs:animal_dictionary":1},"minecraft:killed":{"minecraft:skeleton":3,"minecraft:zombie":15},"minecraft:dropped":{"sophisticatedbackpacks:iron_backpack":1,"justhammers:diamond_hammer":1,"minecraft:dirt":15,"ars_nouveau:worn_notebook":1,"minecraft:diamond_axe":1,"gobber2:gobber2_goo_nether":1,"create:zinc_ingot":19,"gobber2:gobber2_gooey_beefstew_nether":2,"epicfight:iron_greatsword":1,"ae2:wireless_crafting_terminal":1,"minecraft:rotten_flesh":10,"minecraft:spider_eye":1,"minecraft:diamond_shovel":1,"minecraft:bow":1,"minecraft:copper_ingot":32,"minecraft:string":1},"minecraft:custom":{"minecraft:time_since_rest":398,"minecraft:damage_taken":2105,"minecraft:sprint_one_cm":131837,"minecraft:walk_one_cm":151091,"minecraft:mob_kills":18,"minecraft:drop":19,"minecraft:damage_dealt":3425,"minecraft:items_extracted":91,"minecraft:damage_dealt_absorbed":48,"minecraft:player_kills":1,"minecraft:fly_one_cm":284770,"minecraft:open_chest":68,"minecraft:crouch_one_cm":783,"minecraft:play_time":44895,"minecraft:deaths":5,"minecraft:sneak_time":201,"minecraft:items_inserted":279,"minecraft:jump":657,"minecraft:leave_game":3,"minecraft:walk_on_water_one_cm":339,"minecraft:time_since_death":0,"minecraft:sleep_in_bed":1,"minecraft:total_world_time":44895,"minecraft:fall_one_cm":16663},"minecraft:killed_by":{"minecraft:skeleton":1,"minecraft:creeper":2,"minecraft:zombie":1}},"DataVersion":3465}