{"stats":{"minecraft:mined":{"minecraft:torch":1},"minecraft:picked_up":{"minecraft:rotten_flesh":1,"minecraft:torch":1,"ars_nouveau:worn_notebook":1,"minecraft:iron_ingot":1,"minecraft:dirt":12,"minecraft:spider_eye":1,"minecraft:string":1},"minecraft:killed":{"minecraft:zombie":4},"minecraft:used":{"minecraft:torch":1,"epicfight:skillbook":3,"simplyswords:iron_rapier":5,"minecraft:bread":2,"alexsmobs:animal_dictionary":1,"minecraft:iron_sword":12,"minecraft:apple":2},"minecraft:dropped":{"ars_nouveau:worn_notebook":1,"justhammers:diamond_hammer":1,"minecraft:spider_eye":1,"minecraft:dirt":12,"minecraft:diamond_shovel":1,"minecraft:diamond_axe":1,"gobber2:gobber2_goo_nether":1,"gobber2:gobber2_gooey_beefstew_nether":2,"minecraft:string":1,"epicfight:iron_greatsword":1,"minecraft:rotten_flesh":1},"minecraft:custom":{"minecraft:time_since_rest":15137,"minecraft:open_chest":60,"minecraft:play_time":18555,"minecraft:crouch_one_cm":382,"minecraft:sprint_one_cm":55923,"minecraft:walk_one_cm":60937,"minecraft:damage_taken":1017,"minecraft:deaths":2,"minecraft:sneak_time":51,"minecraft:items_inserted":3,"minecraft:mob_kills":4,"minecraft:drop":11,"minecraft:jump":263,"minecraft:damage_dealt":799,"minecraft:leave_game":2,"minecraft:time_since_death":15098,"minecraft:total_world_time":18555,"minecraft:fall_one_cm":7157,"minecraft:fly_one_cm":127409},"minecraft:killed_by":{"minecraft:skeleton":1,"minecraft:creeper":1}},"DataVersion":3465}