{"stats":{"minecraft:picked_up":{"minecraft:dirt":12,"minecraft:spider_eye":1,"minecraft:string":1},"minecraft:used":{"alexsmobs:animal_dictionary":1},"minecraft:dropped":{"minecraft:spider_eye":1,"minecraft:dirt":12,"gobber2:gobber2_goo_nether":1,"gobber2:gobber2_gooey_beefstew_nether":2,"minecraft:string":1},"minecraft:custom":{"minecraft:time_since_rest":3137,"minecraft:open_chest":3,"minecraft:play_time":6555,"minecraft:crouch_one_cm":382,"minecraft:sprint_one_cm":23532,"minecraft:walk_one_cm":13472,"minecraft:damage_taken":860,"minecraft:deaths":2,"minecraft:sneak_time":48,"minecraft:drop":5,"minecraft:jump":137,"minecraft:leave_game":2,"minecraft:time_since_death":3098,"minecraft:total_world_time":6555,"minecraft:fall_one_cm":4213,"minecraft:fly_one_cm":63362},"minecraft:killed_by":{"minecraft:skeleton":1,"minecraft:creeper":1}},"DataVersion":3465}