{"stats":{"minecraft:mined":{"create:brass_tunnel":2,"create:copper_casing":1,"create:andesite_casing":46,"minecraft:red_nether_bricks":1,"minecraft:obsidian":38,"minecraft:granite":28,"minecraft:stone_brick_wall":3,"biomesoplenty:eyebulb":1,"minecraft:coal_block":37,"create:belt":1,"minecraft:hopper":1,"minecraft:nether_wart":9,"minecraft:chiseled_stone_bricks":2,"minecraft:spawner":7,"minecraft:weeping_vines_plant":1,"minecraft:polished_blackstone_bricks":10,"minecraft:tall_seagrass":1,"ironchest:crystal_chest":7,"minecraft:magma_block":77,"minecraft:barrel":3,"minecraft:fire":15,"minecraft:deepslate_lapis_ore":2,"biomesoplenty:flesh_tendons":3,"minecraft:nether_brick_stairs":1,"minecraft:enchanting_table":1,"minecraft:dirt_path":4,"minecraft:oak_stairs":1,"minecraft:spruce_wood":1,"create:veridium":124,"create:mechanical_press":3,"minecraft:player_head":1,"create:limestone":18,"minecraft:tripwire":1,"ae2:large_quartz_bud":17,"create:item_drain":1,"create:cogwheel":19,"minecraft:red_bed":52,"minecraft:kelp_plant":51,"minecraft:smoker":6,"minecraft:amethyst_cluster":11,"quark:gold_bars":3,"minecraft:piglin_head":1,"minecraft:blast_furnace":7,"gobber2:gobber2_lucky_block_nether":6,"create:scoria":3,"minecraft:glass":84,"create:copper_valve_handle":1,"minecraft:sugar_cane":73,"minecraft:amethyst_block":24,"minecraft:skeleton_skull":1,"create:basin":3,"minecraft:chain":1,"create:mechanical_mixer":1,"create:brass_belt_funnel":1,"minecraft:jukebox":1,"minecraft:stone_brick_stairs":4,"ae2:flawed_budding_quartz":2,"minecraft:grass":61,"ae2:small_quartz_bud":76,"create:hand_crank":5,"create:stressometer":1,"minecraft:loom":1,"minecraft:smooth_quartz":27,"minecraft:smooth_basalt":27,"minecraft:stonecutter":6,"minecraft:deepslate":96,"create:railway_casing":1,"create:zinc_ore":88,"minecraft:mossy_cobblestone":8,"create:fluid_tank":12,"ae2:charger":1,"minecraft:nether_bricks":61,"minecraft:spruce_fence":3,"create_new_age:thorium_ore":20,"minecraft:redstone_wire":27,"create:encased_fan":3,"create:mechanical_arm":2,"minecraft:cartography_table":1,"minecraft:kelp":12,"create:shaft":19,"minecraft:redstone_ore":26,"ae2:damaged_budding_quartz":4,"minecraft:andesite":254,"morevillagers:hunting_post":1,"biomesoplenty:flesh":895,"biomesoplenty:high_grass":2,"minecraft:cobblestone_slab":3,"create:cart_assembler":1,"minecraft:rail":80,"create:chute":2,"minecraft:smooth_quartz_stairs":7,"ae2:sky_stone_block":78,"minecraft:bone_block":1,"minecraft:smithing_table":1,"biomesoplenty:porous_flesh":55,"minecraft:oak_slab":4,"minecraft:redstone_block":2,"minecraft:gray_concrete":1,"minecraft:glass_pane":3,"minecraft:soul_sand":26,"expanded_structures:voided_planks":3,"quark:oak_chest":2,"minecraft:observer":15,"minecraft:stone_brick_slab":13,"create_new_age:magnetite_block":19,"minecraft:polished_blackstone_brick_wall":6,"minecraft:smooth_sandstone":1,"create:fluid_pipe":4,"create:mechanical_pump":1,"minecraft:emerald_ore":8,"create:water_wheel":5,"biomesoplenty:high_grass_plant":2,"minecraft:copper_ore":131,"minecraft:deepslate_gold_ore":20,"minecraft:diorite":73,"create:water_wheel_structure":5,"create:blaze_burner":9,"ae2:flawless_budding_quartz":2,"create:gearbox":5,"minecraft:spruce_log":55,"minecraft:gravel":6,"minecraft:cobweb":5,"minecraft:stone_bricks":23,"minecraft:polished_blackstone":6,"minecraft:gold_ore":11,"minecraft:chipped_anvil":1,"ae2:cable_bus":8,"minecraft:iron_trapdoor":4,"minecraft:fern":3,"create:deepslate_zinc_ore":28,"sophisticatedbackpacks:gold_backpack":1,"tfmg:lignite":7,"minecraft:brewing_stand":3,"create:lime_seat":1,"minecraft:spruce_trapdoor":8,"minecraft:budding_amethyst":2,"minecraft:grass_block":1603,"ae2:quartz_cluster":9,"gobber2:gobber2_ore_deepslate":1,"gobber2:gobber2_lucky_block":15,"minecraft:cracked_polished_blackstone_bricks":1,"minecraft:soul_soil":64,"minecraft:polished_blackstone_brick_slab":15,"ars_nouveau:sourceberry_bush":7,"minecraft:composter":6,"minecraft:gilded_blackstone":25,"minecraft:glowstone":1,"ironfurnaces:gold_furnace":1,"minecraft:iron_ore":108,"minecraft:azure_bluet":23,"create:asurine":22,"minecraft:pointed_dripstone":12,"minecraft:iron_bars":4,"minecraft:black_candle":1,"morevillagers:blueprint_table":1,"minecraft:spruce_slab":12,"ae2:controller":2,"createaddition:alternator":1,"minecraft:deepslate_redstone_ore":52,"minecraft:quartz_block":8,"minecraft:blackstone":60,"create:steam_engine":1,"biomesoplenty:glowing_moss_carpet":1,"minecraft:clay":3,"minecraft:calcite":5,"expanded_structures:corrupted_planks":10,"minecraft:chest":69,"create:brass_casing":10,"minecraft:mushroom_stem":1,"minecraft:nether_quartz_ore":79,"minecraft:cobblestone":87,"minecraft:oak_planks":64,"minecraft:deepslate_copper_ore":1,"create:large_water_wheel":2,"minecraft:stripped_oak_wood":5,"biomesoplenty:fir_log":24,"ae2:quartz_block":11,"biomesoplenty:clover":107,"minecraft:oak_log":230,"minecraft:sand":210,"minecraft:dirt":1809,"create:track_station":4,"dungeonsweaponry:emerald_pot":4,"minecraft:netherrack":1000,"ae2:energy_acceptor":1,"create:crimsite":17,"minecraft:oak_leaves":41,"ae2:chipped_budding_quartz":2,"create:brass_funnel":1,"minecraft:nether_gold_ore":6,"minecraft:diamond_ore":1,"alexscaves:spelunkery_table":1,"minecraft:tuff":10,"minecraft:deepslate_diamond_ore":3,"minecraft:oak_door":4,"minecraft:glow_lichen":1,"minecraft:chiseled_bookshelf":1,"morevillagers:gardening_table":1,"create:large_cogwheel":7,"minecraft:decorated_pot":1,"create:depot":1,"quark:stone_brick_vertical_slab":8,"ae2:inscriber":1,"minecraft:hay_block":3,"createaddition:rolling_mill":1,"minecraft:furnace":18,"minecraft:raw_gold_block":6,"minecraft:polished_basalt":6,"create:scorchia":26,"ae2:mysterious_cube":2,"minecraft:gold_block":49,"biomesoplenty:magic_log":4,"minecraft:polished_deepslate":95,"expanded_structures:incidious_stump":2,"minecraft:bookshelf":85,"minecraft:deepslate_iron_ore":16,"minecraft:stripped_oak_log":35,"biomesoplenty:flesh_tendons_strand":2,"minecraft:stone":378,"minecraft:redstone_wall_torch":5,"minecraft:pink_terracotta":27,"extendedgears:half_shaft_cogwheel":1,"ars_nouveau:purple_archwood_log":4,"minecraft:scaffolding":5,"ae2:drive":1,"create_dd:zinc_tiled_block":17,"minecraft:basalt":26,"create:track":183,"minecraft:oak_fence":6,"minecraft:crafting_table":2,"minecraft:lectern":148,"minecraft:quartz_bricks":16,"biomesoplenty:huge_clover_petal":133,"biomesoplenty:sprout":4,"minecraft:lapis_ore":6,"minecraft:polished_blackstone_brick_stairs":6,"minecraft:spruce_stairs":17,"ae2:medium_quartz_bud":28,"minecraft:redstone_torch":1,"minecraft:black_wall_banner":1,"minecraft:coal_ore":164,"create:smart_chute":1,"create:mechanical_crafter":5,"minecraft:cracked_stone_bricks":2,"minecraft:mossy_stone_bricks":1},"minecraft:custom":{"minecraft:interact_with_crafting_table":171,"minecraft:open_barrel":1,"minecraft:leave_game":44,"minecraft:time_since_death":58919,"minecraft:damage_blocked_by_shield":1980,"minecraft:play_time":2068398,"minecraft:deaths":32,"minecraft:jump":22876,"minecraft:enchant_item":4,"minecraft:interact_with_furnace":212,"minecraft:play_record":1,"minecraft:traded_with_villager":156,"minecraft:sleep_in_bed":29,"minecraft:damage_dealt":85423,"minecraft:interact_with_smoker":28,"minecraft:interact_with_smithing_table":2,"minecraft:interact_with_anvil":16,"minecraft:inspect_hopper":4,"minecraft:damage_dealt_absorbed":3202,"minecraft:sneak_time":78277,"minecraft:interact_with_lectern":4,"minecraft:interact_with_blast_furnace":109,"minecraft:total_world_time":2096615,"minecraft:items_extracted":7782,"minecraft:interact_with_stonecutter":1,"minecraft:time_since_rest":58661,"minecraft:swim_one_cm":272195,"minecraft:fly_one_cm":10869551,"minecraft:open_chest":2559,"minecraft:fall_one_cm":502466,"minecraft:sprint_one_cm":3865166,"minecraft:drop":1257,"minecraft:talked_to_villager":252,"minecraft:walk_on_water_one_cm":266264,"minecraft:interact_with_loom":13,"minecraft:crouch_one_cm":327586,"minecraft:mob_kills":447,"minecraft:items_inserted":13951,"minecraft:damage_dealt_resisted":333,"minecraft:climb_one_cm":24179,"minecraft:walk_one_cm":5972124,"minecraft:walk_under_water_one_cm":201823,"minecraft:boat_one_cm":20935,"minecraft:interact_with_grindstone":5,"minecraft:damage_taken":24841,"minecraft:damage_absorbed":101,"minecraft:trigger_trapped_chest":1},"minecraft:killed_by":{"minecraft:piglin_brute":7,"minecraft:vindicator":1,"alexsmobs:crocodile":1,"expanded_structures:polar_pirate":1,"minecraft:iron_golem":2,"expanded_structures:buman":1,"alexsmobs:crimson_mosquito":2},"minecraft:picked_up":{"quark:diamond_heart":4,"minecraft:stone_slab":192,"minecraft:smithing_table":1,"minecraft:lead":3,"minecraft:oak_stairs":1,"create:wrench":3,"create:item_drain":1,"minecraft:enchanted_book":18,"ae2:energy_acceptor":1,"minecraft:infested_stone":14,"dungeonsweaponry:cutlass":1,"minecraft:brewing_stand":3,"minecraft:golden_sword":3,"minecraft:amethyst_block":94,"minecraft:polished_deepslate":140,"minecraft:polished_blackstone_brick_stairs":3,"minecraft:string":50,"cannibal:bone_mask":6,"minecraft:soul_soil":36,"create:limestone":48,"minecraft:red_nether_bricks":1,"gobber2:gobber2_glass_nether":4,"create:unprocessed_obsidian_sheet":43,"create:water_wheel":5,"minecraft:diamond_leggings":1,"create:cart_assembler":1,"minecraft:gold_nugget":84,"minecraft:cobbled_deepslate":847,"minecraft:written_book":1,"minecraft:coal_block":59,"minecraft:polished_blackstone_brick_slab":13,"minecraft:jukebox":1,"minecraft:composter":6,"create:andesite_casing":46,"morevillagers:hunting_post":1,"createaddition:copper_spool":4,"minecraft:pink_terracotta":27,"minecraft:stone_sword":2,"quark:clear_shard":253,"ae2:terminal":2,"create:copper_casing":1,"create:scoria":5,"create:track":237,"minecraft:polished_basalt":36,"ars_nouveau:sourceberry_bush":14,"create:mechanical_arm":3,"minecraft:netherite_chestplate":2,"minecraft:blaze_rod":9,"minecraft:iron_bars":8,"minecraft:furnace_minecart":1,"minecraft:magma_block":192,"minecraft:feather":3,"minecraft:water_bucket":3,"minecraft:copper_block":3,"minecraft:smoker":6,"biomesoplenty:fir_log":24,"minecraft:flint":810,"ae2:charged_certus_quartz_crystal":20,"minecraft:netherite_leggings":1,"minecraft:lantern":7,"create:encased_chain_drive":1,"minecraft:chipped_anvil":1,"minecraft:stonecutter":6,"create:mechanical_drill":1,"gobber2:gobber2_globette":65,"create:shaft":170,"minecraft:glowstone_dust":4,"ae2:certus_quartz_crystal":67,"create:empty_blaze_burner":8,"quark:stone_brick_vertical_slab":8,"minecraft:loom":1,"minecraft:barrel":4,"minecraft:bundle":6,"minecraft:quartz_bricks":16,"create:crimsite":57,"ae2:chipped_budding_quartz":8,"minecraft:writable_book":4,"create:controller_rail":1,"minecraft:granite":221,"minecraft:golden_horse_armor":1,"minecraft:bread":62,"alexsmobs:maggot":4,"create:copper_valve_handle":1,"gobber2:gobber2_sword":1,"morevillagers:blueprint_table":1,"minecraft:diamond_pickaxe":1,"create:copper_sheet":2,"sophisticatedbackpacks:gold_backpack":1,"minecraft:crafting_table":2,"minecraft:nether_wart":11,"minecraft:clay_ball":1356,"minecraft:infested_cobblestone":22,"ae2:silicon_press":2,"beyond_earth:iron_rod":2,"minecraft:red_bed":52,"create:fluid_pipe":9,"minecraft:flint_and_steel":3,"create:scorchia":113,"morevillagers:gardening_table":1,"minecraft:cracked_stone_bricks":2,"minecraft:cartography_table":1,"create:brass_funnel":3,"minecraft:beef":30,"minecraft:iron_nugget":44,"minecraft:poppy":2,"minecraft:spruce_slab":12,"minecraft:minecart":3,"minecraft:chest":68,"ars_nouveau:purple_archwood_log":4,"minecraft:stone":66,"minecraft:raw_gold_block":6,"minecraft:oak_door":4,"minecraft:spruce_fence":3,"expanded_structures:corrupted_planks":9,"create:powdered_obsidian":256,"minecraft:carrot":3,"minecraft:redstone":803,"create:brass_casing":10,"create:steam_engine":1,"create:vertical_gearbox":4,"ae2:wireless_crafting_terminal":13,"expanded_structures:incidious_stump":2,"ae2:controller":2,"ironfurnaces:gold_furnace":1,"minecraft:diamond_boots":2,"minecraft:hay_block":3,"create:depot":4,"minecraft:totem_of_undying":2,"sophisticatedbackpacks:copper_backpack":1,"minecraft:polished_blackstone":3,"minecraft:mutton":15,"minecraft:bone_block":12,"minecraft:white_wool":3,"minecraft:rail":115,"minecraft:stripped_oak_log":34,"ae2:fluix_dust":3,"create:iron_sheet":31,"minecraft:red_mushroom":2,"minecraft:filled_map":1,"ae2:fluix_crystal":90,"minecraft:oak_log":2004,"create_dd:zinc_tiled_block":20,"createaddition:capacitor":2,"alexsmobs:mosquito_proboscis":1,"minecraft:paper":13,"biomesoplenty:glowing_moss_carpet":2,"create:crushing_wheel":4,"minecraft:apple":313,"minecraft:stone_bricks":63,"minecraft:kelp":89,"minecraft:stone_pickaxe":1,"biomesoplenty:magic_log":4,"gobber2:gobber2_gooey_beefstew_nether":2,"minecraft:smooth_basalt":173,"minecraft:gravel":291,"minecraft:spruce_log":54,"minecraft:crying_obsidian":17,"create:gearbox":6,"createaddition:zinc_sheet":13,"create:smart_chute":1,"create:mechanical_pump":6,"minecraft:diamond_axe":1,"minecraft:polished_blackstone_brick_wall":5,"gobber2:gobber2_goo_nether":1,"minecraft:hopper":1,"minecraft:ender_pearl":2,"ars_nouveau:caster_tome":1,"minecraft:wheat":5,"minecraft:redstone_block":2,"minecraft:iron_trapdoor":40,"create:mechanical_crafter":7,"alexscaves:cave_tablet":8,"minecraft:gilded_blackstone":26,"minecraft:stone_brick_stairs":4,"create:lime_seat":1,"minecraft:raw_copper":1491,"alexsmobs:ancient_dart":1,"alexsmobs:blood_sac":6,"create:mechanical_press":5,"minecraft:bucket":46,"gobber2:gobber2_paxel":1,"minecraft:redstone_torch":72,"minecraft:cobblestone_slab":250,"minecraft:calcite":26,"minecraft:iron_pickaxe":2,"minecraft:smooth_quartz":27,"minecraft:smooth_quartz_stairs":7,"ae2:flawed_budding_quartz":6,"minecraft:furnace":18,"minecraft:stick":355,"create:mechanical_mixer":1,"ironchest:crystal_chest":9,"minecraft:oak_fence":10,"minecraft:torch":22,"minecraft:spruce_stairs":17,"beyond_earth:small_model_modifier":1,"epicfight:skillbook":6,"minecraft:porkchop":22,"minecraft:dried_kelp":4,"minecraft:pointed_dripstone":38,"minecraft:diorite":227,"ae2:drive":2,"create:large_cogwheel":17,"ae2:sky_stone_block":325,"gobber2:gobber2_foo":4,"minecraft:quartz_block":8,"minecraft:rotten_flesh":160,"create:asurine":22,"create:veridium":820,"minecraft:obsidian":327,"minecraft:cobblestone":2960,"minecraft:enchanting_table":1,"create:fluid_tank":12,"minecraft:repeater":2,"minecraft:andesite":2188,"minecraft:potato":20,"create:belt_connector":27,"alexscaves:cave_book":1,"minecraft:tuff":85,"create:raw_zinc":269,"ae2:portable_item_cell_256k":3,"ae2:damaged_budding_quartz":7,"minecraft:lapis_lazuli":138,"minecraft:dirt":3477,"minecraft:name_tag":4,"createaddition:alternator":5,"minecraft:leather_boots":1,"minecraft:glass":20,"minecraft:bone":66,"ae2:wireless_booster":61,"minecraft:wheat_seeds":27,"minecraft:bow":9,"gobber2:gobber2_gooey_beef":7,"minecraft:raw_gold":85,"create_new_age:magnetite_block":26,"ae2:logic_processor_press":4,"minecraft:mossy_stone_bricks":1,"minecraft:oak_planks":136,"gobber2:gobber2_gooey_bread":10,"gobber2:gobber2_rod_nether":1,"minecraft:cooked_porkchop":1,"create:cogwheel":31,"ae2:charger":1,"minecraft:sand":2310,"minecraft:nether_brick_stairs":1,"minecraft:grass_block":1,"ae2:quartz_block":21,"minecraft:mossy_cobblestone":8,"quark:gold_bars":3,"simplyswords:diamond_claymore":1,"create:track_station":4,"minecraft:diamond":13,"expanded_structures:voided_planks":3,"minecraft:cracked_polished_blackstone_bricks":1,"minecraft:crossbow":1,"minecraft:bone_meal":14,"minecraft:golden_apple":1,"minecraft:emerald":137,"minecraft:oak_sapling":419,"minecraft:netherrack":966,"create:stressometer":1,"minecraft:oak_leaves":2,"gobber2:gobber2_goo":9,"create_new_age:thorium":122,"minecraft:azure_bluet":24,"minecraft:ladder":1,"biomesoplenty:flesh":416,"minecraft:stone_brick_wall":3,"minecraft:gold_block":48,"createaddition:rolling_mill":1,"minecraft:shield":3,"minecraft:item_frame":6,"create:chute":2,"minecraft:blackstone":44,"minecraft:player_head":1,"create:basin":3,"minecraft:observer":30,"bossominium:vex_wing":4,"minecraft:lectern":148,"minecraft:sugar_cane":153,"minecraft:spruce_trapdoor":8,"minecraft:phantom_membrane":1,"minecraft:raw_iron":189,"expanded_structures:corrupted_doubloon":10,"create:railway_casing":1,"minecraft:copper_ingot":25,"ae2:crafting_terminal":2,"minecraft:polished_blackstone_bricks":7,"create:hand_crank":9,"alexsmobs:crocodile_scute":1,"minecraft:arrow":62,"create:experience_nugget":3,"ae2:certus_quartz_dust":130,"minecraft:nether_bricks":61,"alexscaves:spelunkery_table":1,"minecraft:black_banner":1,"ae2:calculation_processor_press":3,"createaddition:spool":13,"minecraft:skeleton_skull":1,"minecraft:basalt":96,"minecraft:salmon":1,"minecraft:leather":20,"gobber2:gobber2_gooey_beefstew":5,"create:andesite_alloy":80,"minecraft:gunpowder":22,"create:blaze_burner":5,"create:copper_nugget":166,"extendedgears:half_shaft_cogwheel":1,"quark:forgotten_hat":2,"minecraft:piglin_head":1,"minecraft:smooth_sandstone":15,"minecraft:rabbit_hide":6,"minecraft:spruce_wood":1,"minecraft:iron_ingot":492,"minecraft:stripped_oak_wood":5,"minecraft:soul_sand":219,"gobber2:gobber2_hammer":1,"minecraft:book":255,"minecraft:scaffolding":5,"minecraft:oak_slab":7,"minecraft:black_candle":1,"create:large_water_wheel":19,"minecraft:chiseled_stone_bricks":5,"minecraft:stone_brick_slab":13,"minecraft:quartz":180,"tfmg:lignite":40,"minecraft:dripstone_block":17,"minecraft:lava_bucket":43,"minecraft:amethyst_shard":134,"biomesoplenty:porous_flesh":36,"ae2:fluix_covered_cable":8,"minecraft:blast_furnace":7,"create:brass_tunnel":8,"quark:oak_chest":2,"minecraft:spider_eye":14,"alexsmobs:raw_catfish":1,"create:encased_fan":3,"minecraft:iron_helmet":2,"create:crushed_raw_copper":299,"ae2:inscriber":1,"dungeonsweaponry:glaive":3,"ae2:engineering_processor_press":4,"minecraft:black_wool":1,"minecraft:coal":391},"minecraft:killed":{"minecraft:cave_spider":5,"dungeonsweaponry:enchanter":1,"minecraft:skeleton":46,"expanded_structures:polar_pirate":11,"minecraft:iron_golem":2,"minecraft:pillager":15,"minecraft:zombie":115,"minecraft:cow":15,"minecraft:evoker":2,"dungeonsweaponry:vanguard":5,"minecraft:vindicator":3,"quark:toretoise":1,"expanded_structures:librarian":1,"ars_nouveau:drygmy":1,"alexsmobs:catfish":1,"alexsmobs:crocodile":1,"minecraft:zombified_piglin":2,"minecraft:witch":2,"expanded_structures:buman":1,"minecraft:spider":34,"quark:forgotten":1,"minecraft:silverfish":2,"minecraft:piglin_brute":3,"minecraft:piglin":4,"minecraft:pig":8,"minecraft:zombie_villager":9,"dungeonsweaponry:nameless_one":1,"minecraft:creeper":18,"alexsmobs:crimson_mosquito":9,"minecraft:sheep":8,"alexsmobs:terrapin":3,"alexsmobs:fly":1,"minecraft:blaze":18,"minecraft:allay":1,"minecraft:phantom":1,"minecraft:drowned":1,"mowziesmobs:grottol":1,"quark:foxhound":3,"minecraft:hoglin":1,"minecraft:wither_skeleton":3,"minecraft:villager":1},"minecraft:crafted":{"ae2:fluix_covered_cable":4,"ironfurnaces:iron_furnace":5,"minecraft:diamond_shovel":3,"minecraft:lever":2,"sophisticatedbackpacks:crafting_upgrade":1,"create:item_vault":8,"rpgsmw:diamond_one_handed_crossbow":1,"ironfurnaces:diamond_furnace":1,"minecraft:iron_bars":16,"ironchest:crystal_chest":11,"create:vertical_gearbox":14,"sophisticatedbackpacks:smelting_upgrade":1,"minecraft:glass":92,"create:andesite_funnel":4,"minecraft:diamond_helmet":1,"minecraft:diamond_leggings":2,"sophisticatedbackpacks:tank_upgrade":1,"create:mechanical_press":2,"ae2:drive":1,"create:brass_funnel":6,"create:cogwheel":289,"ae2:item_cell_housing":1,"ae2:item_storage_cell_64k":1,"extendedgears:half_shaft_cogwheel":6,"create:rose_quartz":50,"gobber2:gobber2_ingot":21,"minecraft:diamond_axe":3,"ae2:energy_acceptor":1,"gobber2:gobber2_hammer":1,"ae2:cell_component_16k":1,"gobber2:gobber2_rod":4,"minecraft:copper_ingot":675,"minecraft:sticky_piston":8,"create:encased_chain_drive":21,"create:mechanical_mixer":3,"createaddition:spool":16,"create:gearbox":51,"minecraft:stone_slab":774,"quark:oak_chest":67,"minecraft:compass":2,"minecraft:iron_block":8,"minecraft:gold_ingot":437,"create:large_cogwheel":7,"minecraft:composter":1,"beyond_earth:iron_rod":6,"create:wrench":1,"minecraft:iron_nugget":776,"ae2:formation_core":2,"ae2:annihilation_core":2,"create:smart_chute":10,"minecraft:bone_meal":18,"ae2:energy_cell":1,"ironfurnaces:emerald_furnace":1,"minecraft:diamond":27,"create_dd:reversed_gearshift":2,"minecraft:ladder":8,"minecraft:ender_pearl":12,"minecraft:stone_pickaxe":2,"simplyswords:iron_rapier":1,"minecraft:diamond_boots":2,"minecraft:redstone_block":1,"create:electron_tube":44,"create:belt_connector":45,"create:copper_valve_handle":1,"ironchest:gold_chest":11,"ae2:dense_energy_cell":1,"ae2:fluix_glass_cable":12,"create:brass_tunnel":4,"minecraft:dried_kelp":0,"create:goggles":1,"ae2:wireless_receiver":1,"ae2:smooth_sky_stone_block":0,"minecraft:glowstone":12,"minecraft:enchanted_book":11,"minecraft:chainmail_boots":12,"minecraft:iron_shovel":4,"minecraft:iron_leggings":8,"create:shaft":656,"simplyswords:diamond_claymore":1,"ae2:fluix_pearl":1,"minecraft:grindstone":1,"ae2:cell_component_4k":4,"createaddition:capacitor":10,"minecraft:oak_planks":1856,"minecraft:barrel":27,"ae2:controller":1,"ars_nouveau:archwood_planks":16,"createaddition:rolling_mill":1,"minecraft:stone":5,"create:deployer":3,"minecraft:hopper":23,"create:copper_nugget":63,"minecraft:iron_boots":2,"create:cart_assembler":1,"justhammers:diamond_hammer":1,"minecraft:chest":6,"ae2:wireless_crafting_terminal":1,"create:spout":1,"minecraft:copper_block":3,"minecraft:oak_fence":3,"minecraft:stone_bricks":520,"create:brass_hand":3,"create:track_station":4,"create:fluid_valve":1,"create:depot":4,"minecraft:oak_slab":132,"sophisticatedbackpacks:backpack":1,"minecraft:crafting_table":69,"createoreexcavation:drill":1,"minecraft:spruce_planks":216,"create:fluid_pipe":404,"minecraft:wooden_pickaxe":2,"minecraft:baked_potato":152,"ironfurnaces:obsidian_furnace":1,"minecraft:chainmail_chestplate":12,"create:sand_paper":12,"minecraft:gold_block":24,"ae2:terminal":1,"sophisticatedbackpacks:upgrade_base":3,"ironchest:diamond_chest":11,"biomesoplenty:fir_planks":12,"minecraft:paper":15,"minecraft:diamond_pickaxe":1,"create:water_wheel":7,"minecraft:shield":1,"create:super_glue":1,"sophisticatedbackpacks:diamond_backpack":1,"minecraft:stick":112,"create:mechanical_pump":27,"dungeonsweaponry:glaive":1,"minecraft:iron_ingot":499,"minecraft:redstone_torch":26,"minecraft:shears":1,"create:empty_blaze_burner":5,"ae2:quartz_fiber":3,"ae2:charger":1,"create:chute":44,"ae2:certus_quartz_crystal":72,"minecraft:redstone":393,"ironfurnaces:gold_furnace":5,"create:steam_engine":3,"minecraft:piston":37,"createaddition:copper_spool":16,"minecraft:flint_and_steel":1,"minecraft:glass_pane":16,"ae2:cell_component_1k":12,"minecraft:polished_deepslate":44,"ae2:quartz_glass":12,"minecraft:iron_axe":3,"create:fluid_tank":23,"epicfight:iron_greatsword":1,"create:basin":21,"minecraft:netherite_scrap":0,"minecraft:observer":23,"minecraft:minecart":9,"ae2:inscriber":4,"sophisticatedbackpacks:iron_backpack":1,"gobber2:gobber2_sword":1,"create:andesite_alloy":557,"create:hand_crank":1,"minecraft:iron_trapdoor":18,"quark:vertical_oak_planks":60,"minecraft:iron_sword":2,"minecraft:bell":17,"create:large_water_wheel":7,"ae2:silicon":0,"create:item_drain":1,"minecraft:stone_axe":12,"minecraft:air":0,"minecraft:bread":96,"minecraft:oak_boat":1,"minecraft:white_wool":4,"create:whisk":3,"minecraft:raw_gold":9,"create:mechanical_crafter":24,"minecraft:anvil":1,"create:mechanical_drill":5,"minecraft:torch":148,"create:zinc_ingot":252,"ae2:crafting_terminal":1,"minecraft:lapis_lazuli":12,"minecraft:diamond_chestplate":1,"ironchest:iron_chest":11},"minecraft:broken":{"minecraft:diamond_helmet":1,"minecraft:diamond_leggings":1,"minecraft:golden_helmet":1,"minecraft:stone_pickaxe":1,"minecraft:diamond_boots":2,"cannibal:bone_mask":1,"create:sand_paper":5},"minecraft:dropped":{"minecraft:iron_sword":1,"minecraft:porkchop":4,"minecraft:crafting_table":56,"quark:gold_bars":3,"minecraft:cooked_porkchop":1,"gobber2:gobber2_sword":2,"create:copper_nugget":105,"create:cogwheel":6,"create:fluid_tank":1,"create:large_water_wheel":7,"minecraft:rail":15,"ae2:drive":1,"minecraft:red_mushroom":2,"minecraft:item_frame":4,"minecraft:dirt":1598,"create:scorchia":113,"minecraft:writable_book":4,"minecraft:bone_meal":14,"minecraft:bone_block":12,"minecraft:sand":11085,"gobber2:gobber2_goo":2,"minecraft:iron_pickaxe":1,"minecraft:bone":32,"quark:ancient_tome":1,"minecraft:stone_axe":8,"minecraft:iron_nugget":33,"create:crushed_raw_copper":108,"create:brass_tunnel":3,"minecraft:cobbled_deepslate":433,"minecraft:obsidian":259,"minecraft:rotten_flesh":95,"minecraft:oak_planks":33,"minecraft:glowstone_dust":3,"dungeonsweaponry:claymore":1,"create:asurine":2,"minecraft:azure_bluet":12,"biomesoplenty:glowing_moss_carpet":2,"alexsmobs:blood_sac":1,"create:scoria":2,"create:wrench":2,"minecraft:hopper":1,"create:limestone":29,"create:mechanical_crafter":1,"ae2:damaged_budding_quartz":2,"minecraft:beef":3,"minecraft:crying_obsidian":22,"createaddition:zinc_sheet":6,"minecraft:infested_cobblestone":22,"create:basin":1,"minecraft:enchanted_book":15,"create:mechanical_mixer":1,"minecraft:iron_ingot":520,"minecraft:wheat_seeds":17,"minecraft:copper_block":3,"minecraft:dripstone_block":16,"minecraft:cobblestone":1586,"minecraft:oak_fence":8,"minecraft:iron_helmet":1,"dungeonsweaponry:cutlass":2,"minecraft:apple":323,"minecraft:granite":165,"create:hose_pulley":1,"minecraft:coal":10,"minecraft:lava_bucket":8,"expanded_structures:incidious_stump":2,"ae2:chipped_budding_quartz":4,"createcasing:oak_cogwheel":1,"create:item_drain":1,"minecraft:dried_kelp":4,"minecraft:paper":14,"create:mechanical_drill":1,"minecraft:string":14,"minecraft:smooth_sandstone":15,"ars_nouveau:caster_tome":1,"create:sand_paper":6,"create:raw_zinc":19,"expanded_structures:voided_planks":1,"create:brass_funnel":2,"minecraft:soul_soil":20,"minecraft:stone_sword":2,"minecraft:clay_ball":1785,"minecraft:iron_boots":1,"dungeonsweaponry:glaive":1,"create:mechanical_pump":2,"create:copper_sheet":66,"minecraft:spruce_fence":2,"create:item_vault":1,"bossominium:vex_wing":2,"minecraft:cobblestone_slab":140,"minecraft:hay_block":3,"minecraft:potato":1,"minecraft:stone":3157,"minecraft:bundle":3,"minecraft:spruce_planks":6,"create:zinc_ingot":420,"minecraft:diamond_pickaxe":2,"create:hand_crank":1,"minecraft:stone_bricks":23,"minecraft:barrel":2,"minecraft:spider_eye":7,"sophisticatedbackpacks:copper_backpack":1,"create:brass_casing":192,"minecraft:bow":7,"minecraft:magma_block":15,"ae2:certus_quartz_crystal":16,"minecraft:black_wool":1,"minecraft:nether_brick_stairs":1,"create:steam_engine":1,"create:spout":1,"create:vertical_gearbox":1,"create:super_glue":1,"minecraft:soul_sand":257,"minecraft:diamond_axe":1,"minecraft:oak_log":2,"minecraft:baked_potato":1,"minecraft:ender_pearl":2,"minecraft:lantern":3,"create:crimsite":45,"simplyswords:diamond_claymore":1,"minecraft:polished_blackstone_brick_wall":2,"biomesoplenty:porous_flesh":29,"dungeonsweaponry:trickbow":1,"create:fluid_pipe":5,"tfmg:lignite":40,"minecraft:mutton":3,"minecraft:cut_copper":6,"minecraft:gilded_blackstone":15,"minecraft:polished_blackstone_bricks":3,"create:large_cogwheel":1,"create:portable_storage_interface":1,"cannibal:bone_mask":4,"gobber2:gobber2_paxel":1,"minecraft:gravel":1536,"ae2:calculation_processor_press":1,"ae2:engineering_processor_press":2,"minecraft:blackstone":37,"create:smart_chute":1,"ae2:charged_certus_quartz_crystal":66,"minecraft:carrot":2,"minecraft:chainmail_chestplate":1,"minecraft:chiseled_stone_bricks":5,"minecraft:gunpowder":5,"quark:forgotten_hat":1,"minecraft:stone_brick_wall":1,"create:gearbox":2,"minecraft:chest":1,"create:depot":1,"minecraft:basalt":71,"minecraft:arrow":101,"create:andesite_alloy":5,"minecraft:quartz":5908,"create:mechanical_press":1,"biomesoplenty:flesh":109,"minecraft:netherrack":430,"minecraft:bread":76,"create:unprocessed_obsidian_sheet":57,"minecraft:mossy_cobblestone":2,"create:mechanical_saw":1,"minecraft:minecart":2,"minecraft:diamond_leggings":1,"ae2:sky_stone_block":110,"minecraft:lead":1,"minecraft:spectral_arrow":30,"ae2:portable_item_cell_256k":3,"minecraft:copper_ingot":496,"minecraft:grass_block":4,"minecraft:stick":1007,"minecraft:diorite":63,"create:blaze_burner":5,"minecraft:torch":1,"minecraft:iron_leggings":1,"minecraft:polished_blackstone_brick_slab":11,"minecraft:polished_basalt":28,"minecraft:bucket":292,"minecraft:redstone":64,"minecraft:smooth_basalt":63,"minecraft:dandelion":3,"minecraft:kelp":84,"create:shaft":7,"minecraft:nether_wart":1,"minecraft:raw_copper":21,"minecraft:tuff":81,"ars_nouveau:archwood_planks":16,"minecraft:raw_iron":5,"create:encased_chain_drive":1,"ae2:logic_processor_press":2,"alexsmobs:ancient_dart":1,"minecraft:stripped_oak_log":1,"ae2:flawed_budding_quartz":3,"create:rotation_speed_controller":1,"minecraft:filled_map":3,"minecraft:shield":4,"create:veridium":812,"minecraft:diamond_chestplate":1,"create:radial_chassis":1,"minecraft:andesite":64,"minecraft:oak_sapling":1323,"ae2:certus_quartz_dust":21,"create:deployer":2,"minecraft:golden_sword":4,"minecraft:infested_stone":14,"extendedgears:large_half_shaft_cogwheel":1,"minecraft:stone_pickaxe":1,"minecraft:raw_gold":4,"quark:diamond_heart":1},"minecraft:used":{"cannibal:bone_mask":2,"create:deployer":21,"create:brass_casing":2,"ae2:charger":13,"ae2:damaged_budding_quartz":5,"minecraft:ladder":8,"minecraft:polished_blackstone":1,"minecraft:poppy":2,"ae2:terminal":2,"minecraft:chest":60,"minecraft:stone":48,"minecraft:rotten_flesh":1,"create:fluid_tank":253,"minecraft:soul_sand":7,"minecraft:cut_copper":4,"create:mechanical_crafter":62,"create:depot":38,"minecraft:azure_bluet":6,"create:controls":1,"minecraft:lava_bucket":150,"minecraft:grass_block":273,"minecraft:quartz_block":7,"create_new_age:magnetite_block":13,"gobber2:gobber2_hammer":1046,"minecraft:stone_brick_stairs":3,"create:andesite_funnel":5,"ae2:flawed_budding_quartz":3,"create:rotation_speed_controller":33,"create:shaft":663,"create:steam_engine":116,"minecraft:oak_sapling":5,"minecraft:furnace":6,"minecraft:potato":6,"biomesoplenty:flesh":225,"ars_nouveau:music_disc_firel_the_wild_hunt":1,"simplyswords:iron_rapier":86,"minecraft:wooden_pickaxe":28,"minecraft:composter":7,"minecraft:smooth_quartz_stairs":7,"minecraft:oak_leaves":15,"create:spout":25,"minecraft:golden_apple":2,"minecraft:sand":25,"minecraft:blast_furnace":6,"ae2:controller":4,"gobber2:gobber2_gooey_beefstew":5,"minecraft:lectern":146,"ae2:energy_acceptor":7,"create:basin":18,"minecraft:smithing_table":1,"minecraft:oak_boat":1,"quark:stone_brick_vertical_slab":43,"ironfurnaces:gold_furnace":5,"minecraft:enchanting_table":1,"create:schematic_table":1,"create:veridium":1,"quark:spruce_bookshelf":35,"minecraft:netherrack":319,"minecraft:torch":128,"minecraft:brewing_stand":1,"minecraft:anvil":1,"epicfight:iron_greatsword":37,"create:wrench":1960,"create:gearbox":163,"expanded_structures:voided_planks":6,"ae2:sky_stone_block":97,"minecraft:smooth_quartz":17,"minecraft:totem_of_undying":1,"create:creative_motor":3,"minecraft:smooth_basalt":24,"minecraft:diamond_chestplate":1,"create:encased_chain_drive":237,"minecraft:tripwire_hook":1,"minecraft:iron_trapdoor":8,"create:fluid_pipe":294,"minecraft:cobbled_deepslate":44,"minecraft:observer":49,"create:belt_connector":171,"minecraft:calcite":1,"create:fluid_valve":2,"sophisticatedbackpacks:gold_backpack":1,"minecraft:water_bucket":275,"rpgsmw:diamond_one_handed_crossbow":3,"create:brass_tunnel":22,"ae2:wireless_access_point":4,"create:blaze_burner":35,"createcasing:oak_cogwheel":27,"minecraft:rail":11,"create:encased_fan":10,"minecraft:crafting_table":6,"justhammers:diamond_hammer":118,"minecraft:oak_slab":7,"minecraft:red_bed":42,"minecraft:oak_log":323,"create:track":176,"minecraft:diamond_pickaxe":2152,"minecraft:diamond_shovel":1393,"ae2:quartz_block":3,"create:water_wheel":7,"ae2:fluix_glass_cable":1,"create:mechanical_arm":151,"minecraft:cobblestone":499,"create_dd:zinc_tiled_block":26,"minecraft:cooked_porkchop":7,"minecraft:glass_pane":3,"minecraft:black_candle":1,"quark:oak_chest":4,"minecraft:stripped_oak_log":33,"minecraft:kelp":90,"minecraft:jukebox":1,"gobber2:gobber2_goo":7,"minecraft:polished_deepslate":520,"create:portable_storage_interface":4,"gobber2:gobber2_gooey_bread":10,"minecraft:shield":23,"minecraft:iron_sword":112,"minecraft:player_head":1,"create:railway_casing":1,"create:mechanical_bearing":1,"minecraft:soul_campfire":8,"create:minecart_contraption":1,"create:cogwheel":457,"minecraft:nether_bricks":24,"createcasing:oak_shaft":5,"minecraft:pink_terracotta":22,"create:controller_rail":1,"create:speedometer":1,"minecraft:obsidian":77,"minecraft:glass":247,"ironfurnaces:obsidian_furnace":1,"minecraft:spruce_wood":1,"create:scoria":3,"minecraft:item_frame":1,"minecraft:stone_bricks":108,"minecraft:repeater":52,"minecraft:magma_block":1,"minecraft:written_book":1,"minecraft:scaffolding":3,"ars_nouveau:sourceberry_bush":26,"ae2:smooth_sky_stone_block":1,"epicfight:skillbook":16,"minecraft:diamond_boots":1,"create:crushing_wheel":10,"ae2:fluix_covered_cable":11,"minecraft:stone_pickaxe":151,"minecraft:oak_planks":136,"minecraft:ender_pearl":3,"minecraft:redstone_block":4,"minecraft:diamond_axe":814,"minecraft:sugar_cane":131,"create:copper_valve_handle":1,"create:mechanical_saw":2,"create:track_station":18,"minecraft:netherite_leggings":1,"createaddition:rolling_mill":2,"alexscaves:cave_book":1,"simplyswords:diamond_claymore":173,"minecraft:stone_brick_wall":12,"minecraft:shears":2,"ae2:chipped_budding_quartz":4,"minecraft:redstone_torch":86,"minecraft:sticky_piston":5,"ae2:drive":6,"minecraft:lever":11,"minecraft:bread":185,"minecraft:string":1,"create:andesite_casing":3,"minecraft:deepslate":70,"minecraft:gravel":4,"minecraft:grindstone":1,"create:stressometer":3,"minecraft:andesite":3,"create:vertical_gearbox":206,"ironchest:crystal_chest":27,"create:large_cogwheel":119,"minecraft:bone_meal":18,"minecraft:experience_bottle":4,"ae2:white_glass_cable":16,"minecraft:oak_fence":1,"sophisticatedbackpacks:iron_backpack":1,"minecraft:flint_and_steel":11,"gobber2:gobber2_paxel":4924,"create:item_vault":69,"minecraft:dried_kelp":1,"minecraft:redstone":373,"create:lime_seat":2,"create:mechanical_pump":100,"minecraft:dirt":887,"create:mechanical_mixer":21,"minecraft:hopper":26,"extendedgears:half_shaft_cogwheel":27,"ae2:inscriber":13,"minecraft:diamond_helmet":3,"create:chute":5,"create:smart_chute":10,"minecraft:stone_brick_slab":63,"create:hose_pulley":2,"create:cart_assembler":12,"alexscaves:spelunkery_table":1,"gobber2:gobber2_gooey_beef":7,"gobber2:gobber2_sword":593,"create:radial_chassis":3,"minecraft:minecart":12,"minecraft:cooked_beef":18,"minecraft:iron_leggings":1,"minecraft:quartz_bricks":10,"minecraft:cooked_mutton":11,"minecraft:amethyst_block":4,"minecraft:lodestone":1,"dungeonsweaponry:trickbow":3,"expanded_structures:corrupted_planks":9,"minecraft:netherite_chestplate":4,"create:empty_blaze_burner":9,"minecraft:baked_potato":112,"minecraft:cobblestone_slab":16,"minecraft:stonecutter":1,"create:item_drain":6,"create:brass_funnel":59,"create:schematicannon":2,"minecraft:piglin_head":1,"minecraft:smoker":6,"minecraft:piston":21,"extendedgears:large_half_shaft_cogwheel":4,"createaddition:alternator":20,"minecraft:apple":50,"create:mechanical_press":29,"biomesoplenty:porous_flesh":1,"create_dd:reversed_gearshift":4,"create:large_water_wheel":55,"minecraft:stone_axe":210,"minecraft:bucket":304,"create:hand_crank":18,"ae2:crafting_terminal":4}},"DataVersion":3465}