{"stats":{"minecraft:mined":{"ars_nouveau:mendosteen_pod":4,"ars_nouveau:purple_archwood_leaves":1,"minecraft:azure_bluet":2,"minecraft:grass":14,"biomesoplenty:bush":1,"biomesoplenty:clover":21,"minecraft:grass_block":1,"biomesoplenty:huge_clover_petal":1},"minecraft:picked_up":{"minecraft:azure_bluet":3,"ars_nouveau:purple_archwood_sapling":1,"sophisticatedbackpacks:iron_backpack":1,"justhammers:diamond_hammer":1,"minecraft:dirt":22,"alexsmobs:animal_dictionary":1,"ae2:wireless_crafting_terminal":1,"minecraft:diamond_shovel":1,"minecraft:rotten_flesh":1,"epicfight:iron_greatsword":1,"minecraft:diamond_axe":1,"ars_nouveau:mendosteen_pod":5,"gobber2:gobber2_gooey_beefstew_nether":2,"gobber2:gobber2_goo_nether":1,"minecraft:cobblestone":34},"minecraft:killed":{"minecraft:zombie":1,"minecraft:spider":1},"minecraft:used":{"ars_nouveau:purple_archwood_sapling":1,"epicfight:iron_greatsword":15,"ars_nouveau:mendosteen_pod":8,"gobber2:gobber2_gooey_beefstew_nether":2,"gobber2:gobber2_goo_nether":1,"minecraft:dirt":2,"justhammers:diamond_hammer":3,"alexsmobs:animal_dictionary":1},"minecraft:dropped":{"minecraft:dirt":5,"ars_nouveau:worn_notebook":1,"alexsmobs:animal_dictionary":1,"ae2:wireless_crafting_terminal":1},"minecraft:custom":{"minecraft:time_since_rest":473,"minecraft:damage_taken":1042,"minecraft:sprint_one_cm":140008,"minecraft:walk_one_cm":304255,"minecraft:mob_kills":3,"minecraft:drop":8,"minecraft:damage_dealt":1113,"minecraft:swim_one_cm":1271,"minecraft:damage_dealt_absorbed":21,"minecraft:fly_one_cm":232215,"minecraft:open_chest":4,"minecraft:crouch_one_cm":1579,"minecraft:play_time":39579,"minecraft:deaths":3,"minecraft:sneak_time":301,"minecraft:walk_under_water_one_cm":1645,"minecraft:jump":560,"minecraft:leave_game":2,"minecraft:time_since_death":472,"minecraft:walk_on_water_one_cm":4525,"minecraft:total_world_time":39579,"minecraft:fall_one_cm":13152},"minecraft:killed_by":{"minecraft:player":1,"minecraft:zombified_piglin":1,"minecraft:skeleton":1}},"DataVersion":3465}