{"stats":{"minecraft:picked_up":{"minecraft:diamond_shovel":1,"minecraft:azure_bluet":2,"epicfight:iron_greatsword":1,"minecraft:diamond_axe":1,"gobber2:gobber2_gooey_beefstew_nether":2,"minecraft:dirt":1,"justhammers:diamond_hammer":1,"gobber2:gobber2_goo_nether":1,"alexsmobs:animal_dictionary":1},"minecraft:mined":{"minecraft:grass":14,"biomesoplenty:bush":1,"minecraft:grass_block":1,"biomesoplenty:clover":21,"biomesoplenty:huge_clover_petal":1,"minecraft:azure_bluet":2},"minecraft:used":{"minecraft:dirt":1,"epicfight:iron_greatsword":6,"justhammers:diamond_hammer":3,"alexsmobs:animal_dictionary":1,"gobber2:gobber2_gooey_beefstew_nether":2},"minecraft:dropped":{"ars_nouveau:worn_notebook":1,"alexsmobs:animal_dictionary":1},"minecraft:custom":{"minecraft:time_since_rest":2090,"minecraft:open_chest":4,"minecraft:deaths":1,"minecraft:play_time":17274,"minecraft:sprint_one_cm":71307,"minecraft:damage_taken":410,"minecraft:walk_one_cm":138021,"minecraft:walk_under_water_one_cm":1359,"minecraft:mob_kills":1,"minecraft:drop":2,"minecraft:jump":284,"minecraft:damage_dealt":624,"minecraft:time_since_death":2017,"minecraft:walk_on_water_one_cm":3498,"minecraft:total_world_time":17274,"minecraft:damage_dealt_absorbed":21,"minecraft:fly_one_cm":127899,"minecraft:fall_one_cm":6556},"minecraft:killed_by":{"minecraft:zombified_piglin":1}},"DataVersion":3465}