{"stats":{"minecraft:mined":{"minecraft:grass":14,"biomesoplenty:bush":1,"biomesoplenty:clover":21,"minecraft:grass_block":1,"biomesoplenty:huge_clover_petal":1,"minecraft:azure_bluet":2},"minecraft:picked_up":{"minecraft:diamond_shovel":1,"minecraft:azure_bluet":2,"epicfight:iron_greatsword":1,"minecraft:diamond_axe":1,"gobber2:gobber2_gooey_beefstew_nether":2,"alexsmobs:animal_dictionary":1,"justhammers:diamond_hammer":1,"gobber2:gobber2_goo_nether":1,"minecraft:dirt":1,"minecraft:cobblestone":34},"minecraft:used":{"minecraft:dirt":1,"epicfight:iron_greatsword":9,"justhammers:diamond_hammer":3,"alexsmobs:animal_dictionary":1,"gobber2:gobber2_gooey_beefstew_nether":2},"minecraft:dropped":{"ars_nouveau:worn_notebook":1,"alexsmobs:animal_dictionary":1},"minecraft:custom":{"minecraft:open_chest":4,"minecraft:time_since_rest":11258,"minecraft:play_time":26442,"minecraft:sprint_one_cm":80880,"minecraft:walk_one_cm":168047,"minecraft:damage_taken":431,"minecraft:deaths":1,"minecraft:sneak_time":23,"minecraft:walk_under_water_one_cm":1359,"minecraft:mob_kills":1,"minecraft:drop":2,"minecraft:jump":330,"minecraft:damage_dealt":717,"minecraft:leave_game":1,"minecraft:walk_on_water_one_cm":3498,"minecraft:time_since_death":11185,"minecraft:total_world_time":26442,"minecraft:damage_dealt_absorbed":21,"minecraft:fall_one_cm":7452,"minecraft:fly_one_cm":140751,"minecraft:crouch_one_cm":374},"minecraft:killed_by":{"minecraft:zombified_piglin":1}},"DataVersion":3465}