{"stats":{"minecraft:picked_up":{"gobber2:gobber2_gooey_beefstew_nether":2,"gobber2:gobber2_goo_nether":1,"alexsmobs:animal_dictionary":1},"minecraft:mined":{"minecraft:grass":2,"biomesoplenty:bush":1},"minecraft:dropped":{"alexsmobs:animal_dictionary":1},"minecraft:custom":{"minecraft:jump":123,"minecraft:open_chest":4,"minecraft:time_since_rest":5274,"minecraft:damage_dealt":50,"minecraft:sprint_one_cm":43535,"minecraft:play_time":5274,"minecraft:damage_taken":200,"minecraft:time_since_death":5274,"minecraft:walk_one_cm":31403,"minecraft:total_world_time":5274,"minecraft:mob_kills":1,"minecraft:drop":1,"minecraft:fall_one_cm":2494,"minecraft:fly_one_cm":54053}},"DataVersion":3465}