{
  "comforts:sleeping_bag_light_blue": {
    "criteria": {
      "has_the_recipe": "2024-06-10 17:22:27 +0000"
    },
    "done": true
  },
  "comforts:hammock_purple": {
    "criteria": {
      "has_the_recipe": "2024-06-10 17:22:27 +0000"
    },
    "done": true
  },
  "comforts:sleeping_bag_pink": {
    "criteria": {
      "has_the_recipe": "2024-06-10 17:22:27 +0000"
    },
    "done": true
  },
  "comforts:hammock_magenta": {
    "criteria": {
      "has_the_recipe": "2024-06-10 17:22:27 +0000"
    },
    "done": true
  },
  "comforts:hammock_red": {
    "criteria": {
      "has_the_recipe": "2024-06-10 17:22:27 +0000"
    },
    "done": true
  },
  "comforts:sleeping_bag_white": {
    "criteria": {
      "has_the_recipe": "2024-06-10 17:22:27 +0000"
    },
    "done": true
  },
  "comforts:sleeping_bag_gray": {
    "criteria": {
      "has_the_recipe": "2024-06-10 17:22:27 +0000"
    },
    "done": true
  },
  "comforts:rope_and_nail": {
    "criteria": {
      "has_the_recipe": "2024-06-10 17:22:27 +0000"
    },
    "done": true
  },
  "comforts:sleeping_bag_cyan": {
    "criteria": {
      "has_the_recipe": "2024-06-10 17:22:27 +0000"
    },
    "done": true
  },
  "comforts:sleeping_bag_light_gray": {
    "criteria": {
      "has_the_recipe": "2024-06-10 17:22:27 +0000"
    },
    "done": true
  },
  "comforts:hammock_black": {
    "criteria": {
      "has_the_recipe": "2024-06-10 17:22:27 +0000"
    },
    "done": true
  },
  "ars_nouveau:root": {
    "criteria": {
      "ars_nouveau:worn_notebook": "2024-06-10 17:22:27 +0000"
    },
    "done": true
  },
  "create:root": {
    "criteria": {
      "0": "2024-06-10 17:22:27 +0000"
    },
    "done": true
  },
  "comforts:hammock_gray": {
    "criteria": {
      "has_the_recipe": "2024-06-10 17:22:27 +0000"
    },
    "done": true
  },
  "comforts:hammock_cyan": {
    "criteria": {
      "has_the_recipe": "2024-06-10 17:22:27 +0000"
    },
    "done": true
  },
  "comforts:sleeping_bag_purple": {
    "criteria": {
      "has_the_recipe": "2024-06-10 17:22:27 +0000"
    },
    "done": true
  },
  "comforts:sleeping_bag_green": {
    "criteria": {
      "has_the_recipe": "2024-06-10 17:22:27 +0000"
    },
    "done": true
  },
  "comforts:hammock_light_blue": {
    "criteria": {
      "has_the_recipe": "2024-06-10 17:22:27 +0000"
    },
    "done": true
  },
  "comforts:sleeping_bag_magenta": {
    "criteria": {
      "has_the_recipe": "2024-06-10 17:22:27 +0000"
    },
    "done": true
  },
  "comforts:hammock_green": {
    "criteria": {
      "has_the_recipe": "2024-06-10 17:22:27 +0000"
    },
    "done": true
  },
  "comforts:sleeping_bag_black": {
    "criteria": {
      "has_the_recipe": "2024-06-10 17:22:27 +0000"
    },
    "done": true
  },
  "comforts:hammock_lime": {
    "criteria": {
      "has_the_recipe": "2024-06-10 17:22:27 +0000"
    },
    "done": true
  },
  "comforts:sleeping_bag_red": {
    "criteria": {
      "has_the_recipe": "2024-06-10 17:22:27 +0000"
    },
    "done": true
  },
  "comforts:sleeping_bag_orange": {
    "criteria": {
      "has_the_recipe": "2024-06-10 17:22:27 +0000"
    },
    "done": true
  },
  "comforts:hammock_blue": {
    "criteria": {
      "has_the_recipe": "2024-06-10 17:22:27 +0000"
    },
    "done": true
  },
  "comforts:hammock_white": {
    "criteria": {
      "has_the_recipe": "2024-06-10 17:22:27 +0000"
    },
    "done": true
  },
  "comforts:hammock_light_gray": {
    "criteria": {
      "has_the_recipe": "2024-06-10 17:22:27 +0000"
    },
    "done": true
  },
  "comforts:sleeping_bag_brown": {
    "criteria": {
      "has_the_recipe": "2024-06-10 17:22:27 +0000"
    },
    "done": true
  },
  "comforts:hammock_pink": {
    "criteria": {
      "has_the_recipe": "2024-06-10 17:22:27 +0000"
    },
    "done": true
  },
  "comforts:hammock_brown": {
    "criteria": {
      "has_the_recipe": "2024-06-10 17:22:27 +0000"
    },
    "done": true
  },
  "comforts:sleeping_bag_lime": {
    "criteria": {
      "has_the_recipe": "2024-06-10 17:22:27 +0000"
    },
    "done": true
  },
  "comforts:hammock_yellow": {
    "criteria": {
      "has_the_recipe": "2024-06-10 17:22:27 +0000"
    },
    "done": true
  },
  "comforts:sleeping_bag_blue": {
    "criteria": {
      "has_the_recipe": "2024-06-10 17:22:27 +0000"
    },
    "done": true
  },
  "comforts:sleeping_bag_yellow": {
    "criteria": {
      "has_the_recipe": "2024-06-10 17:22:27 +0000"
    },
    "done": true
  },
  "comforts:hammock_orange": {
    "criteria": {
      "has_the_recipe": "2024-06-10 17:22:27 +0000"
    },
    "done": true
  },
  "morevillagers:root": {
    "criteria": {
      "always": "2024-06-10 17:22:28 +0000"
    },
    "done": true
  },
  "mowziesmobs:root": {
    "criteria": {
      "custom_test_name": "2024-06-10 17:22:28 +0000"
    },
    "done": true
  },
  "biomesoplenty:biomesoplenty/root": {
    "criteria": {
      "rocky_shrubland": "2024-06-10 17:22:30 +0000"
    },
    "done": true
  },
  "biomesoplenty:biomesoplenty/all_biomes": {
    "criteria": {
      "shrubland": "2024-06-13 18:21:28 +0000",
      "rocky_shrubland": "2024-06-10 17:22:30 +0000",
      "highland": "2024-06-10 20:21:34 +0000",
      "clover_patch": "2024-06-10 17:23:17 +0000",
      "mystic_grove": "2024-06-10 17:23:15 +0000",
      "orchard": "2024-06-13 02:40:59 +0000",
      "field": "2024-06-17 16:41:11 +0000",
      "coniferous_forest": "2024-06-13 18:23:14 +0000",
      "forested_field": "2024-06-17 16:41:30 +0000",
      "redwood_forest": "2024-06-17 18:21:18 +0000",
      "visceral_heap": "2024-06-13 03:06:30 +0000",
      "seasonal_forest": "2024-06-13 18:23:38 +0000",
      "fir_clearing": "2024-06-13 18:22:16 +0000",
      "grassland": "2024-06-10 20:17:34 +0000",
      "glowing_grotto": "2024-06-17 16:37:27 +0000",
      "undergrowth": "2024-06-13 03:13:19 +0000"
    },
    "done": false
  },
  "minecraft:adventure/adventuring_time": {
    "criteria": {
      "minecraft:old_growth_pine_taiga": "2024-06-17 16:42:42 +0000",
      "minecraft:taiga": "2024-06-17 17:39:42 +0000",
      "minecraft:birch_forest": "2024-06-12 04:02:30 +0000",
      "minecraft:beach": "2024-06-16 15:08:08 +0000",
      "minecraft:dark_forest": "2024-06-17 18:25:02 +0000",
      "minecraft:river": "2024-06-10 17:23:32 +0000",
      "minecraft:dripstone_caves": "2024-06-13 18:27:33 +0000",
      "minecraft:cold_ocean": "2024-06-17 18:21:05 +0000",
      "minecraft:forest": "2024-06-13 18:25:45 +0000",
      "minecraft:ocean": "2024-06-13 18:18:46 +0000",
      "minecraft:old_growth_birch_forest": "2024-06-17 17:39:50 +0000",
      "minecraft:meadow": "2024-06-13 18:32:59 +0000",
      "minecraft:plains": "2024-06-13 18:26:20 +0000"
    },
    "done": false
  },
  "minecraft:story/root": {
    "criteria": {
      "crafting_table": "2024-06-10 17:23:52 +0000"
    },
    "done": true
  },
  "minecraft:husbandry/balanced_diet": {
    "criteria": {
      "cooked_porkchop": "2024-06-13 18:38:07 +0000",
      "cooked_mutton": "2024-06-15 18:37:41 +0000",
      "cooked_beef": "2024-06-13 19:06:28 +0000",
      "baked_potato": "2024-06-15 22:34:44 +0000",
      "apple": "2024-06-10 20:07:52 +0000",
      "potato": "2024-06-19 01:13:37 +0000",
      "bread": "2024-06-10 17:26:02 +0000",
      "golden_apple": "2024-06-16 15:23:53 +0000",
      "rotten_flesh": "2024-06-13 19:11:45 +0000",
      "dried_kelp": "2024-06-22 20:20:21 +0000"
    },
    "done": false
  },
  "minecraft:husbandry/root": {
    "criteria": {
      "consumed_item": "2024-06-10 17:26:02 +0000"
    },
    "done": true
  },
  "minecraft:story/mine_stone": {
    "criteria": {
      "get_stone": "2024-06-10 20:06:50 +0000"
    },
    "done": true
  },
  "minecraft:story/upgrade_tools": {
    "criteria": {
      "stone_pickaxe": "2024-06-10 20:07:28 +0000"
    },
    "done": true
  },
  "minecraft:adventure/sleep_in_bed": {
    "criteria": {
      "slept_in_bed": "2024-06-10 20:07:42 +0000"
    },
    "done": true
  },
  "morevillagers:all_workstations_get": {
    "criteria": {
      "barrel": "2024-06-10 20:31:30 +0000",
      "huntingpost": "2024-06-10 20:17:29 +0000",
      "blueprinttable": "2024-06-10 20:17:43 +0000",
      "cartographytable": "2024-06-10 20:32:54 +0000",
      "brewingstand": "2024-06-10 20:29:53 +0000",
      "grindstone": "2024-06-17 18:57:12 +0000",
      "gardeningtable": "2024-06-10 20:18:24 +0000",
      "smoker": "2024-06-10 20:08:47 +0000",
      "smithingtable": "2024-06-10 20:18:16 +0000",
      "blastfurnace": "2024-06-10 20:18:15 +0000",
      "loom": "2024-06-10 20:30:45 +0000",
      "lectern": "2024-06-10 20:33:00 +0000",
      "stonecutter": "2024-06-10 20:29:59 +0000",
      "composter": "2024-06-23 17:23:38 +0000"
    },
    "done": false
  },
  "morevillagers:first_workstation_get": {
    "criteria": {
      "smoker": "2024-06-10 20:08:47 +0000"
    },
    "done": true
  },
  "minecraft:adventure/root": {
    "criteria": {
      "killed_something": "2024-06-10 20:14:41 +0000"
    },
    "done": true
  },
  "morevillagers:first_village": {
    "criteria": {
      "plains": "2024-06-10 20:17:02 +0000"
    },
    "done": true
  },
  "morevillagers:all_villages": {
    "criteria": {
      "plains": "2024-06-10 20:17:02 +0000"
    },
    "done": false
  },
  "minecraft:adventure/kill_all_mobs": {
    "criteria": {
      "minecraft:pillager": "2024-06-10 20:17:14 +0000",
      "minecraft:blaze": "2024-06-13 15:33:16 +0000",
      "minecraft:skeleton": "2024-06-10 20:26:26 +0000",
      "minecraft:hoglin": "2024-06-23 18:11:53 +0000",
      "minecraft:vindicator": "2024-06-17 18:02:34 +0000",
      "minecraft:spider": "2024-06-10 20:23:49 +0000",
      "minecraft:piglin_brute": "2024-06-13 15:03:58 +0000",
      "minecraft:creeper": "2024-06-10 20:44:14 +0000",
      "minecraft:evoker": "2024-06-17 18:12:39 +0000",
      "quark:forgotten": "2024-06-13 02:45:28 +0000",
      "minecraft:phantom": "2024-06-20 20:46:53 +0000",
      "minecraft:zombified_piglin": "2024-06-22 19:55:52 +0000",
      "minecraft:witch": "2024-06-15 22:34:53 +0000",
      "minecraft:wither_skeleton": "2024-06-13 15:02:50 +0000",
      "minecraft:cave_spider": "2024-06-16 15:13:53 +0000",
      "minecraft:piglin": "2024-06-13 03:14:55 +0000",
      "minecraft:silverfish": "2024-06-13 18:34:05 +0000",
      "minecraft:vex": "2024-06-17 18:12:45 +0000",
      "minecraft:zombie": "2024-06-10 20:38:36 +0000",
      "quark:foxhound": "2024-06-15 18:52:05 +0000",
      "minecraft:drowned": "2024-06-17 19:24:38 +0000",
      "minecraft:zombie_villager": "2024-06-17 18:21:42 +0000"
    },
    "done": false
  },
  "minecraft:adventure/kill_a_mob": {
    "criteria": {
      "minecraft:pillager": "2024-06-10 20:17:14 +0000"
    },
    "done": true
  },
  "minecraft:story/smelt_iron": {
    "criteria": {
      "iron": "2024-06-10 20:20:16 +0000"
    },
    "done": true
  },
  "minecraft:story/deflect_arrow": {
    "criteria": {
      "deflected_projectile": "2024-06-10 20:21:50 +0000"
    },
    "done": true
  },
  "alexsmobs:alexsmobs/crocodile": {
    "criteria": {
      "killed_by": "2024-06-10 20:46:30 +0000"
    },
    "done": true
  },
  "morevillagers:all_professions_traded": {
    "criteria": {
      "toolsmith": "2024-06-10 20:52:49 +0000",
      "cleric": "2024-06-13 15:27:27 +0000",
      "librarian": "2024-06-13 02:53:52 +0000",
      "armorer": "2024-06-10 20:53:33 +0000",
      "farmer": "2024-06-23 17:26:23 +0000"
    },
    "done": false
  },
  "morevillagers:first_trade": {
    "criteria": {
      "villagertrade": "2024-06-10 20:52:49 +0000"
    },
    "done": true
  },
  "minecraft:adventure/trade": {
    "criteria": {
      "traded": "2024-06-10 20:52:49 +0000"
    },
    "done": true
  },
  "minecraft:story/obtain_armor": {
    "criteria": {
      "iron_leggings": "2024-06-10 20:53:33 +0000"
    },
    "done": true
  },
  "minecraft:story/shiny_gear": {
    "criteria": {
      "diamond_leggings": "2024-06-12 03:32:28 +0000"
    },
    "done": true
  },
  "morevillagers:master_trade": {
    "criteria": {
      "villagertrade": "2024-06-12 03:32:38 +0000"
    },
    "done": true
  },
  "create:andesite_alloy": {
    "criteria": {
      "0": "2024-06-12 03:41:00 +0000"
    },
    "done": true
  },
  "create:water_wheel": {
    "criteria": {
      "0": "2024-06-12 03:45:34 +0000"
    },
    "done": true
  },
  "create:shifting_gears": {
    "criteria": {
      "0": "2024-06-12 03:47:21 +0000"
    },
    "done": true
  },
  "create:andesite_casing": {
    "criteria": {
      "0": "2024-06-12 03:49:49 +0000"
    },
    "done": true
  },
  "alexscaves:alexscaves/root": {
    "criteria": {
      "underground_cabin": "2024-06-12 04:03:42 +0000"
    },
    "done": true
  },
  "alexscaves:alexscaves/cave_book": {
    "criteria": {
      "cave_book": "2024-06-12 04:04:31 +0000"
    },
    "done": true
  },
  "alexscaves:alexscaves/cave_tablet": {
    "criteria": {
      "cave_tablet": "2024-06-12 04:04:35 +0000"
    },
    "done": true
  },
  "create:mechanical_press": {
    "criteria": {
      "0": "2024-06-12 04:12:15 +0000"
    },
    "done": true
  },
  "create:copper": {
    "criteria": {
      "0": "2024-06-13 02:33:32 +0000"
    },
    "done": true
  },
  "minecraft:story/form_obsidian": {
    "criteria": {
      "obsidian": "2024-06-13 02:38:43 +0000"
    },
    "done": true
  },
  "quark:get_forgotten_hat": {
    "criteria": {
      "get_forgotten_hat": "2024-06-13 02:45:28 +0000"
    },
    "done": true
  },
  "quark:mine_toretoise": {
    "criteria": {
      "mine_toretoise": "2024-06-13 02:47:38 +0000"
    },
    "done": true
  },
  "create:wrench_goggles": {
    "criteria": {
      "0": "2024-06-13 02:50:47 +0000",
      "1": "2024-06-16 14:33:08 +0000"
    },
    "done": true
  },
  "minecraft:nether/root": {
    "criteria": {
      "entered_nether": "2024-06-13 03:06:27 +0000"
    },
    "done": true
  },
  "minecraft:story/enter_the_nether": {
    "criteria": {
      "entered_nether": "2024-06-13 03:06:27 +0000"
    },
    "done": true
  },
  "alexsmobs:alexsmobs/crimson_mosquito": {
    "criteria": {
      "killed_by": "2024-06-13 03:07:43 +0000"
    },
    "done": true
  },
  "minecraft:nether/find_fortress": {
    "criteria": {
      "fortress": "2024-06-13 03:12:41 +0000"
    },
    "done": true
  },
  "ars_nouveau:warp_scroll": {
    "criteria": {
      "has_warp_scroll": "2024-06-13 03:12:51 +0000"
    },
    "done": true
  },
  "minecraft:nether/explore_nether": {
    "criteria": {
      "minecraft:crimson_forest": "2024-06-13 15:08:42 +0000",
      "minecraft:nether_wastes": "2024-06-13 03:13:13 +0000",
      "minecraft:soul_sand_valley": "2024-06-13 15:09:57 +0000"
    },
    "done": false
  },
  "minecraft:story/mine_diamond": {
    "criteria": {
      "diamond": "2024-06-13 03:14:40 +0000"
    },
    "done": true
  },
  "minecraft:story/lava_bucket": {
    "criteria": {
      "lava_bucket": "2024-06-13 15:03:14 +0000"
    },
    "done": true
  },
  "create:burner": {
    "criteria": {
      "0": "2024-06-13 15:10:18 +0000"
    },
    "done": true
  },
  "minecraft:nether/loot_bastion": {
    "criteria": {
      "loot_bastion_bridge": "2024-06-13 15:11:03 +0000"
    },
    "done": true
  },
  "minecraft:nether/obtain_ancient_debris": {
    "criteria": {
      "ancient_debris": "2024-06-13 15:12:05 +0000"
    },
    "done": true
  },
  "minecraft:nether/obtain_crying_obsidian": {
    "criteria": {
      "crying_obsidian": "2024-06-13 15:12:08 +0000"
    },
    "done": true
  },
  "minecraft:nether/obtain_blaze_rod": {
    "criteria": {
      "blaze_rod": "2024-06-13 15:33:16 +0000"
    },
    "done": true
  },
  "bossominium:loot_bosses_a": {
    "criteria": {
      "loot_bosses_a": "2024-06-13 17:53:55 +0000"
    },
    "done": true
  },
  "gobber2:root": {
    "criteria": {
      "gobber2_globette": "2024-06-13 18:31:02 +0000"
    },
    "done": true
  },
  "quark:get_diamond_heart": {
    "criteria": {
      "get_diamond_heart": "2024-06-13 18:33:00 +0000"
    },
    "done": true
  },
  "expanded_structures:expanded_structures": {
    "criteria": {
      "expanded_structures": "2024-06-13 19:02:35 +0000"
    },
    "done": true
  },
  "alexsmobs:alexsmobs/rocky_roller": {
    "criteria": {
      "killed_by": "2024-06-13 19:09:02 +0000"
    },
    "done": true
  },
  "create_dd:root": {
    "criteria": {
      "0": "2024-06-15 04:50:24 +0000"
    },
    "done": true
  },
  "gobber2:gobber2_glob": {
    "criteria": {
      "gobber2_glob": "2024-06-15 18:19:26 +0000"
    },
    "done": true
  },
  "gobber2:gobber2_ingot": {
    "criteria": {
      "gobber2_ingot": "2024-06-15 18:24:17 +0000"
    },
    "done": true
  },
  "gobber2:gobber2_rod": {
    "criteria": {
      "gobber2_rod": "2024-06-15 18:24:47 +0000"
    },
    "done": true
  },
  "gobber2:gobber2_hammer": {
    "criteria": {
      "gobber2_hammer": "2024-06-15 18:24:54 +0000"
    },
    "done": true
  },
  "gobber2:gobber2_sword": {
    "criteria": {
      "gobber2_sword": "2024-06-15 18:26:06 +0000"
    },
    "done": true
  },
  "create:mechanical_mixer": {
    "criteria": {
      "0": "2024-06-15 18:34:35 +0000"
    },
    "done": true
  },
  "create:brass": {
    "criteria": {
      "0": "2024-06-15 18:55:57 +0000"
    },
    "done": true
  },
  "create:rose_quartz": {
    "criteria": {
      "0": "2024-06-15 19:06:19 +0000"
    },
    "done": true
  },
  "morevillagers:kill_villager": {
    "criteria": {
      "killedvillager": "2024-06-15 22:27:25 +0000"
    },
    "done": true
  },
  "create:deployer": {
    "criteria": {
      "0": "2024-06-16 14:52:09 +0000"
    },
    "done": true
  },
  "create:copper_casing": {
    "criteria": {
      "0": "2024-06-16 14:56:13 +0000"
    },
    "done": true
  },
  "create_enchantment_industry:recipes/printer": {
    "criteria": {
      "has_item": "2024-06-16 14:56:14 +0000"
    },
    "done": true
  },
  "create_enchantment_industry:recipes/disenchanter": {
    "criteria": {
      "has_item": "2024-06-16 14:56:14 +0000"
    },
    "done": true
  },
  "mowziesmobs:kill_grottol": {
    "criteria": {
      "grottol": "2024-06-16 15:23:32 +0000"
    },
    "done": true
  },
  "mowziesmobs:kill_grottol_fortune": {
    "criteria": {
      "steal_crystal": "2024-06-16 15:23:32 +0000"
    },
    "done": true
  },
  "ironfurnaces:coal": {
    "criteria": {
      "rainbowcoal": "2024-06-17 15:54:06 +0000"
    },
    "done": true
  },
  "expanded_structures:pearl_fragments": {
    "criteria": {
      "pearl_fragments": "2024-06-17 17:46:34 +0000"
    },
    "done": true
  },
  "minecraft:story/iron_tools": {
    "criteria": {
      "iron_pickaxe": "2024-06-17 17:58:17 +0000"
    },
    "done": true
  },
  "ae2:main/root": {
    "criteria": {
      "copper": "2024-06-17 18:02:15 +0000"
    },
    "done": true
  },
  "expanded_structures:new_librarian": {
    "criteria": {
      "new_librarian": "2024-06-17 18:10:25 +0000"
    },
    "done": true
  },
  "ae2:main/presses": {
    "criteria": {
      "calculation": "2024-06-17 18:13:52 +0000",
      "silicon": "2024-06-17 18:13:52 +0000",
      "engineering": "2024-06-17 18:13:51 +0000",
      "logic": "2024-06-17 18:13:51 +0000"
    },
    "done": true
  },
  "minecraft:adventure/totem_of_undying": {
    "criteria": {
      "used_totem": "2024-06-17 18:18:20 +0000"
    },
    "done": true
  },
  "gobber2:gobber2_paxel": {
    "criteria": {
      "gobber2_paxel": "2024-06-17 18:54:03 +0000"
    },
    "done": true
  },
  "minecraft:story/enchant_item": {
    "criteria": {
      "enchanted_item": "2024-06-17 18:54:36 +0000"
    },
    "done": true
  },
  "create:mechanical_pump_0": {
    "criteria": {
      "0": "2024-06-17 19:47:13 +0000"
    },
    "done": true
  },
  "create:steam_engine": {
    "criteria": {
      "0": "2024-06-17 19:47:14 +0000"
    },
    "done": true
  },
  "create:water_supply": {
    "criteria": {
      "0": "2024-06-17 19:47:14 +0000"
    },
    "done": true
  },
  "create:brass_casing": {
    "criteria": {
      "0": "2024-06-17 22:34:55 +0000"
    },
    "done": true
  },
  "create:mechanical_crafter": {
    "criteria": {
      "0": "2024-06-17 22:38:32 +0000"
    },
    "done": true
  },
  "create:belt": {
    "criteria": {
      "0": "2024-06-17 23:19:27 +0000"
    },
    "done": true
  },
  "create:contraption_actors": {
    "criteria": {
      "0": "2024-06-18 00:34:00 +0000"
    },
    "done": true
  },
  "create:chute": {
    "criteria": {
      "0": "2024-06-18 00:42:43 +0000"
    },
    "done": true
  },
  "create:portable_storage_interface": {
    "criteria": {
      "0": "2024-06-18 00:42:43 +0000"
    },
    "done": true
  },
  "create:funnel": {
    "criteria": {
      "0": "2024-06-18 00:44:28 +0000"
    },
    "done": true
  },
  "create:arm_blaze_burner": {
    "criteria": {
      "0": "2024-06-18 01:05:07 +0000"
    },
    "done": true
  },
  "create:mechanical_arm": {
    "criteria": {
      "0": "2024-06-18 01:05:10 +0000"
    },
    "done": true
  },
  "ae2:main/charger": {
    "criteria": {
      "certus": "2024-06-18 01:47:35 +0000"
    },
    "done": true
  },
  "ae2:main/charged_quartz": {
    "criteria": {
      "certus": "2024-06-18 01:53:11 +0000"
    },
    "done": true
  },
  "ae2:main/fluix": {
    "criteria": {
      "certus": "2024-06-18 01:53:47 +0000"
    },
    "done": true
  },
  "ae2:main/controller": {
    "criteria": {
      "certus": "2024-06-18 01:57:13 +0000"
    },
    "done": true
  },
  "create:stressometer": {
    "criteria": {
      "0": "2024-06-18 01:58:14 +0000"
    },
    "done": true
  },
  "create:stressometer_maxed": {
    "criteria": {
      "0": "2024-06-18 01:58:14 +0000"
    },
    "done": true
  },
  "ae2:main/glass_cable": {
    "criteria": {
      "certus": "2024-06-18 02:25:29 +0000"
    },
    "done": true
  },
  "ae2:main/crafting_terminal": {
    "criteria": {
      "certus": "2024-06-18 02:27:21 +0000"
    },
    "done": true
  },
  "ae2:main/storage_cell": {
    "criteria": {
      "c64k": "2024-06-18 02:43:22 +0000"
    },
    "done": true
  },
  "create:speed_controller": {
    "criteria": {
      "0": "2024-06-20 00:09:36 +0000"
    },
    "done": true
  },
  "create:hose_pulley": {
    "criteria": {
      "0": "2024-06-20 00:42:50 +0000"
    },
    "done": true
  },
  "create:hand_crank_000": {
    "criteria": {
      "0": "2024-06-20 02:24:13 +0000"
    },
    "done": true
  },
  "rpgsmw:choose_your_class": {
    "criteria": {
      "choose_your_class_0": "2024-06-20 15:34:18 +0000"
    },
    "done": true
  },
  "rpgsmw:ranger_class": {
    "criteria": {
      "ranger_class_0": "2024-06-20 15:34:56 +0000"
    },
    "done": true
  },
  "create:lava_wheel_00000": {
    "criteria": {
      "0": "2024-06-20 16:10:04 +0000"
    },
    "done": true
  },
  "create:hose_pulley_lava": {
    "criteria": {
      "0": "2024-06-20 16:12:57 +0000"
    },
    "done": true
  },
  "create:spout": {
    "criteria": {
      "0": "2024-06-20 17:29:59 +0000"
    },
    "done": true
  },
  "create:glass_pipe": {
    "criteria": {
      "0": "2024-06-20 18:22:41 +0000"
    },
    "done": true
  },
  "create:drain": {
    "criteria": {
      "0": "2024-06-20 18:25:51 +0000"
    },
    "done": true
  },
  "create_enchantment_industry:experienced_engineer": {
    "criteria": {
      "have_experience_nugget": "2024-06-22 03:31:21 +0000"
    },
    "done": true
  },
  "create_enchantment_industry:recipes/experience_rotor": {
    "criteria": {
      "has_item": "2024-06-22 03:31:21 +0000"
    },
    "done": true
  },
  "create:encased_fan": {
    "criteria": {
      "0": "2024-06-22 03:39:41 +0000"
    },
    "done": true
  },
  "create:compacting": {
    "criteria": {
      "0": "2024-06-22 19:07:29 +0000"
    },
    "done": true
  },
  "ae2:main/portable_cell": {
    "criteria": {
      "pc_256k": "2024-06-22 19:22:02 +0000"
    },
    "done": true
  },
  "create:crushing_wheel": {
    "criteria": {
      "0": "2024-06-22 19:26:53 +0000"
    },
    "done": true
  },
  "create:crusher_maxed_0000": {
    "criteria": {
      "0": "2024-06-22 19:26:53 +0000"
    },
    "done": true
  },
  "create:fan_processing": {
    "criteria": {
      "0": "2024-06-22 19:42:54 +0000"
    },
    "done": true
  },
  "create:track_0": {
    "criteria": {
      "0": "2024-06-23 02:12:47 +0000"
    },
    "done": true
  },
  "create:sturdy_sheet": {
    "criteria": {
      "0": "2024-06-23 02:49:11 +0000"
    },
    "done": true
  },
  "create_enchantment_industry:recipes/enchanting_guide": {
    "criteria": {
      "has_item": "2024-06-23 02:49:11 +0000"
    },
    "done": true
  },
  "create:train_casing_00": {
    "criteria": {
      "0": "2024-06-23 02:50:01 +0000"
    },
    "done": true
  },
  "create:super_glue": {
    "criteria": {
      "0": "2024-06-23 03:31:35 +0000"
    },
    "done": true
  },
  "create:train": {
    "criteria": {
      "0": "2024-06-23 03:33:39 +0000"
    },
    "done": true
  },
  "create:train_roadkill": {
    "criteria": {
      "0": "2024-06-23 03:51:37 +0000"
    },
    "done": true
  },
  "gobber2:gobber2_rod_nether": {
    "criteria": {
      "gobber2_rod_nether": "2024-06-23 18:16:22 +0000"
    },
    "done": true
  },
  "DataVersion": 3465
}